[
  {
    "Id": 5982,
    "Title": "Not working on a shared server"
  },
  {
    "Id": 7390,
    "Title": "Error when executing..."
  },
  {
    "Id": 7677,
    "Title": "does not seem to work with large files"
  },
  {
    "Id": 8515,
    "Title": "fixed bug for this"
  },
  {
    "Id": 8590,
    "Title": "Fix this error"
  },
  {
    "Id": 8740,
    "Title": "HTML SUPPORT"
  },
  {
    "Id": 8769,
    "Title": "Bookmark issue"
  },
  {
    "Id": 8782,
    "Title": "PDFmerge removes all links from PDF"
  },
  {
    "Id": 8938,
    "Title": "trojan in sample pdf"
  },
  {
    "Id": 9394,
    "Title": "Merge from database"
  },
  {
    "Id": 9477,
    "Title": "PHP Errors using PHP 5.4.0"
  },
  {
    "Id": 9657,
    "Title": "pdf not display in browser"
  },
  {
    "Id": 9691,
    "Title": "With Split file size increasing"
  },
  {
    "Id": 9696,
    "Title": "Error with no explanation"
  },
  {
    "Id": 9713,
    "Title": "not working unexpected 'new' on fpdi line 88"
  },
  {
    "Id": 9724,
    "Title": "Regex Prevents PDF to merge"
  }
]