{
  "WorkItem": {
    "AffectedComponent": {
      "Name": "",
      "DisplayName": ""
    },
    "ClosedComment": "",
    "ClosedDate": null,
    "CommentCount": 0,
    "Custom": null,
    "Description": "Good day. I have a small problem, I'm not able to make it work on a shared server, can you help me please. But on a different server it's working like a charm, and I really love this application. Hope you can help me with this. Thanks",
    "LastUpdatedDate": "2013-02-21T15:52:03.69-08:00",
    "PlannedForRelease": "",
    "ReleaseVisibleToPublic": false,
    "Priority": {
      "Name": "Low",
      "Severity": 50,
      "Id": 1
    },
    "ProjectName": "pdfmerger",
    "ReportedDate": "2010-12-20T19:33:10.8-08:00",
    "Status": {
      "Name": "Proposed",
      "Id": 1
    },
    "ReasonClosed": {
      "Name": "Unassigned"
    },
    "Summary": "Not working on a shared server",
    "Type": {
      "Name": "Issue",
      "Id": 3
    },
    "VoteCount": 1,
    "Id": 5982
  },
  "FileAttachments": [],
  "Comments": []
}