{
  "WorkItem": {
    "AffectedComponent": {
      "Name": "",
      "DisplayName": ""
    },
    "ClosedComment": "",
    "ClosedDate": null,
    "CommentCount": 0,
    "Custom": null,
    "Description": "HI,\n\n\nI m new in php and I want to merge to pdf having html support.In FPDF i am unable to have textarea ,radio button and submit button in merge pdf..\n\nHelp me out.\n\nThanks in advance",
    "LastUpdatedDate": "2013-05-15T04:15:59.327-07:00",
    "PlannedForRelease": "",
    "ReleaseVisibleToPublic": false,
    "Priority": {
      "Name": "Unassigned",
      "Severity": 0,
      "Id": 0
    },
    "ProjectName": "pdfmerger",
    "ReportedDate": "2013-05-15T04:15:59.327-07:00",
    "Status": {
      "Name": "Proposed",
      "Id": 1
    },
    "ReasonClosed": {
      "Name": "Unassigned"
    },
    "Summary": "HTML SUPPORT",
    "Type": {
      "Name": "Issue",
      "Id": 3
    },
    "VoteCount": 1,
    "Id": 8740
  },
  "FileAttachments": [],
  "Comments": []
}